{"cameraMode":{"drawMode":0,"name":"Shaded","section":"Shading Mode"},"sceneLighting":true,"audioPlay":false,"sceneViewState":{"m_AlwaysRefresh":false,"showFog":true,"showSkybox":true,"showFlares":true,"showImageEffects":true,"showParticleSystems":true,"showVisualEffectGraphs":true,"m_FxEnabled":true},"in2DMode":false,"pivot":{"x":0.20166856050491334,"y":-0.049121908843517306,"z":-2.4652798175811769},"rotation":{"x":0.016165848821401597,"y":0.05606285482645035,"z":0.000901619961950928,"w":-0.9983149170875549},"size":1.3716670274734498,"orthographic":false}