{"cameraMode":{"drawMode":0,"name":"Shaded","section":"Shading Mode"},"sceneLighting":true,"audioPlay":false,"sceneViewState":{"m_AlwaysRefresh":false,"showFog":true,"showSkybox":true,"showFlares":true,"showImageEffects":true,"showParticleSystems":true,"showVisualEffectGraphs":true,"m_FxEnabled":true},"in2DMode":false,"pivot":{"x":-0.5984926223754883,"y":-0.3027353584766388,"z":-1.8072476387023926},"rotation":{"x":-0.005691842641681433,"y":-0.002698732540011406,"z":0.000050799215387087315,"w":1.0000172853469849},"size":2.1156904697418215,"orthographic":false}