{"cameraMode":{"drawMode":0,"name":"Shaded","section":"Shading Mode"},"sceneLighting":true,"audioPlay":false,"sceneViewState":{"m_AlwaysRefresh":false,"showFog":true,"showSkybox":true,"showFlares":true,"showImageEffects":true,"showParticleSystems":true,"showVisualEffectGraphs":true,"m_FxEnabled":true},"in2DMode":false,"pivot":{"x":6.513319492340088,"y":0.3436123728752136,"z":-0.8211629390716553},"rotation":{"x":-0.014667866751551628,"y":-0.06115669384598732,"z":-0.0008361053187400103,"w":0.9980573654174805},"size":2.1156904697418215,"orthographic":false}