{"cameraMode":{"drawMode":0,"name":"Shaded","section":"Shading Mode"},"sceneLighting":true,"audioPlay":false,"sceneViewState":{"m_AlwaysRefresh":false,"showFog":true,"showSkybox":true,"showFlares":true,"showImageEffects":true,"showParticleSystems":true,"showVisualEffectGraphs":true,"m_FxEnabled":true},"in2DMode":false,"pivot":{"x":1.085143804550171,"y":0.20325319468975068,"z":-3.4493584632873537},"rotation":{"x":0.001796627533622086,"y":-0.08509818464517594,"z":0.00021663379448000342,"w":0.9964084029197693},"size":2.1156904697418215,"orthographic":false}