{"cameraMode":{"drawMode":0,"name":"Shaded","section":"Shading Mode"},"sceneLighting":true,"audioPlay":false,"sceneViewState":{"m_AlwaysRefresh":false,"showFog":true,"showSkybox":true,"showFlares":true,"showImageEffects":true,"showParticleSystems":true,"showVisualEffectGraphs":true,"m_FxEnabled":true},"in2DMode":false,"pivot":{"x":1.051971197128296,"y":-1.4708083868026734,"z":7.395936012268066},"rotation":{"x":-0.08269650489091873,"y":-0.02182566002011299,"z":0.0018005181336775423,"w":-0.9963546395301819},"size":5.556955814361572,"orthographic":false}